hour,transactions,transaction_value
0,2768,9653273.03
1,2138,7749444.48
2,1850,6648669.19
3,1834,6729185.36
4,2215,7690370.46
5,2732,9681007.01
6,4798,17377339.78
7,7452,26448188.61
8,10427,36184638.77
9,12179,43128178.95
10,11127,38535900.16
11,12939,46289790.9
12,14068,49767469.51
13,13038,45982546.33
14,10140,36407083.52
15,9323,32996545.74
16,8379,28274502.27
17,10107,35264585.98
18,13963,48896661.31
19,14977,53288074.55
20,13039,46597172.14
21,10349,36463547.65
22,6422,23042017.39
23,3736,13401956.36
