merchant_category,transactions,transaction_value,average_transaction_value
Electronics,19809,72197219.03,3644.6675263768993
Entertainment,19848,71391626.17,3596.9178844216044
Food & Dining,20021,70366728.5,3514.6460466510166
Utilities,19852,70202278.5,3536.2824148700383
Healthcare,19874,69905879.69,3517.453944349401
Retail,19869,69653165.17,3505.6200699582264
Travel,19672,69580619.75,3537.038417547784
Grocery,20033,69406420.33,3464.6044192083064
Education,19595,69309712.67,3537.1121546312834
Services,19827,68736619.46,3466.8189569778583
,1600,5747880.18,3592.4251124999996
