year_month,transactions,transaction_value
2024-01,7963,28755539.59
2024-02,7626,27531534.39
2024-03,8121,27767854.74
2024-04,8262,29146192.46
2024-05,8534,30947774.96
2024-06,7903,27937002.44
2024-07,8147,28043777.52
2024-08,8367,30868544.76
2024-09,8312,28581908.05
2024-10,8817,31805375.42
2024-11,8917,31488559.49
2024-12,9205,32349831.4
2025-01,7982,28715462.44
2025-02,7342,25980405.95
2025-03,8167,29234110.63
2025-04,8198,28623795.93
2025-05,8709,30004564.72
2025-06,7961,28952967.23
2025-07,8146,28636915.66
2025-08,8467,29121936.55
2025-09,8357,29214303.24
2025-10,8793,30232816.23
2025-11,8762,30811270.78
2025-12,8942,31745704.87
